{
    "rule_engine": {
        "model": "Rule-Based Engine",
        "accuracy": 0.27362414061706236,
        "precision": 0.03400056153998918,
        "recall": 0.7208536998499734,
        "f1_score": 0.0649381790279546,
        "roc_auc": 0.5178306435058658,
        "false_positive_rate": 0.7425918224458962,
        "fraud_capture_rate": 0.7208536998499734,
        "tp": 14895,
        "fp": 423186,
        "tn": 146691,
        "fn": 5768,
        "cost_fp": 4231860.0,
        "cost_fn": 865200.0,
        "total_cost": 5097060.0,
        "confusion_matrix": [
            [
                146691,
                423186
            ],
            [
                5768,
                14895
            ]
        ]
    },
    "gnn": {
        "model": "Heterogeneous GNN",
        "accuracy": 0.822945101093914,
        "precision": 0.06903991370010787,
        "recall": 0.3252189904660504,
        "f1_score": 0.11390023559721352,
        "roc_auc": 0.6211899018224615,
        "false_positive_rate": 0.15900799646239452,
        "fraud_capture_rate": 0.3252189904660504,
        "tp": 6720,
        "fp": 90615,
        "tn": 479262,
        "fn": 13943,
        "cost_fp": 906150.0,
        "cost_fn": 2091450.0,
        "total_cost": 2997600.0,
        "confusion_matrix": [
            [
                479262,
                90615
            ],
            [
                13943,
                6720
            ]
        ]
    },
    "fp_reduction": 332571,
    "cost_saving": 2099460.0
}